{

  "Coins": [
    {
        "Name": "CryptoPayAfrica (CPA) - OptimusBlue",
        "WebUrl": "http://cpa.optimusblue.com",
        "PoolUrl": "cpa.optimusblue.com",
        "PoolPort": "8800",
        "Algo": "cryptonight_v7"
    },
    {
        "Name": "CryptoPayAfrica (CPA) - Official Pool",
        "WebUrl": "http://pool.cryptopay.org.za",
        "PoolUrl": "pool.cryptopay.org.za",
        "PoolPort": "3333",
        "Algo": "cryptonight_v7"
    },
    {
        "Name": "CryptoPayAfrica (CPA) - Official Pool",
        "WebUrl": "http://cpa.thepiratemine.nla",
        "PoolUrl": "cpa.thepiratemine.nl",
        "PoolPort": "9112",
        "Algo": "cryptonight_v7"
    }
  ],
  "HelpText": "OptimusBlue Miner for CpyptoPayAfrica" //max 500 characters
}
